Model,Accuracy,AUC,Equalized Odds Difference,FPR (African-American),FPR (Caucasian),FNR (African-American),FNR (Caucasian)
Original Logistic Regression,0.7248743718592965,0.7618364394548548,0.23968900407256571,0.1752808988764045,0.07160493827160494,0.46301369863013697,0.7027027027027027
Reweighing + Logistic Regression,0.7192211055276382,0.7463242481474619,0.03970751573491299,0.10112359550561797,0.11851851851851852,0.5616438356164384,0.6013513513513513
ThresholdOptimizer (Eq. Odds),0.6871859296482412,0.7618364394548548,0.05096407268691913,0.19101123595505617,0.2419753086419753,0.4958904109589041,0.4527027027027027
